{
  "PLATFORM_VIRTUAL" : {
    "transaction" : "PLATFORM_VIRTUAL",
    "sampleCount" : 50,
    "errorCount" : 0,
    "errorPct" : 0.0,
    "meanResTime" : 12275.200000000003,
    "medianResTime" : 11991.5,
    "minResTime" : 9026.0,
    "maxResTime" : 16077.0,
    "pct1ResTime" : 14287.199999999999,
    "pct2ResTime" : 15733.399999999998,
    "pct3ResTime" : 16077.0,
    "throughput" : 0.400554367244266,
    "receivedKBytesPerSec" : 0.0,
    "sentKBytesPerSec" : 0.0
  },
  "Total" : {
    "transaction" : "Total",
    "sampleCount" : 50,
    "errorCount" : 0,
    "errorPct" : 0.0,
    "meanResTime" : 12275.200000000003,
    "medianResTime" : 11991.5,
    "minResTime" : 9026.0,
    "maxResTime" : 16077.0,
    "pct1ResTime" : 14287.199999999999,
    "pct2ResTime" : 15733.399999999998,
    "pct3ResTime" : 16077.0,
    "throughput" : 0.400554367244266,
    "receivedKBytesPerSec" : 0.0,
    "sentKBytesPerSec" : 0.0
  }
}