{
  "SERIAL" : {
    "transaction" : "SERIAL",
    "sampleCount" : 50,
    "errorCount" : 0,
    "errorPct" : 0.0,
    "meanResTime" : 13825.500000000002,
    "medianResTime" : 13761.0,
    "minResTime" : 12092.0,
    "maxResTime" : 15986.0,
    "pct1ResTime" : 15824.699999999999,
    "pct2ResTime" : 15940.3,
    "pct3ResTime" : 15986.0,
    "throughput" : 0.3605682555707796,
    "receivedKBytesPerSec" : 0.0,
    "sentKBytesPerSec" : 0.0
  },
  "Total" : {
    "transaction" : "Total",
    "sampleCount" : 50,
    "errorCount" : 0,
    "errorPct" : 0.0,
    "meanResTime" : 13825.500000000002,
    "medianResTime" : 13761.0,
    "minResTime" : 12092.0,
    "maxResTime" : 15986.0,
    "pct1ResTime" : 15824.699999999999,
    "pct2ResTime" : 15940.3,
    "pct3ResTime" : 15986.0,
    "throughput" : 0.3605682555707796,
    "receivedKBytesPerSec" : 0.0,
    "sentKBytesPerSec" : 0.0
  }
}