{
  "MUTEX_VIRTUAL_PLATFORM" : {
    "transaction" : "MUTEX_VIRTUAL_PLATFORM",
    "sampleCount" : 50,
    "errorCount" : 0,
    "errorPct" : 0.0,
    "meanResTime" : 15101.000000000002,
    "medianResTime" : 15079.0,
    "minResTime" : 14106.0,
    "maxResTime" : 16549.0,
    "pct1ResTime" : 16066.2,
    "pct2ResTime" : 16314.949999999999,
    "pct3ResTime" : 16549.0,
    "throughput" : 0.32808398950131235,
    "receivedKBytesPerSec" : 0.0,
    "sentKBytesPerSec" : 0.0
  },
  "Total" : {
    "transaction" : "Total",
    "sampleCount" : 50,
    "errorCount" : 0,
    "errorPct" : 0.0,
    "meanResTime" : 15101.000000000002,
    "medianResTime" : 15079.0,
    "minResTime" : 14106.0,
    "maxResTime" : 16549.0,
    "pct1ResTime" : 16066.2,
    "pct2ResTime" : 16314.949999999999,
    "pct3ResTime" : 16549.0,
    "throughput" : 0.32808398950131235,
    "receivedKBytesPerSec" : 0.0,
    "sentKBytesPerSec" : 0.0
  }
}