{
  "Total" : {
    "transaction" : "Total",
    "sampleCount" : 50,
    "errorCount" : 0,
    "errorPct" : 0.0,
    "meanResTime" : 22180.500000000004,
    "medianResTime" : 23309.0,
    "minResTime" : 16438.0,
    "maxResTime" : 27309.0,
    "pct1ResTime" : 26341.2,
    "pct2ResTime" : 26834.699999999997,
    "pct3ResTime" : 27309.0,
    "throughput" : 0.21821197110873503,
    "receivedKBytesPerSec" : 0.0,
    "sentKBytesPerSec" : 0.0
  },
  "VOLATILE_VIRTUAL_PLATFORM" : {
    "transaction" : "VOLATILE_VIRTUAL_PLATFORM",
    "sampleCount" : 50,
    "errorCount" : 0,
    "errorPct" : 0.0,
    "meanResTime" : 22180.500000000004,
    "medianResTime" : 23309.0,
    "minResTime" : 16438.0,
    "maxResTime" : 27309.0,
    "pct1ResTime" : 26341.2,
    "pct2ResTime" : 26834.699999999997,
    "pct3ResTime" : 27309.0,
    "throughput" : 0.21821197110873503,
    "receivedKBytesPerSec" : 0.0,
    "sentKBytesPerSec" : 0.0
  }
}