{
  "SEMAPHORE_VIRTUAL_PLATFORM" : {
    "transaction" : "SEMAPHORE_VIRTUAL_PLATFORM",
    "sampleCount" : 50,
    "errorCount" : 0,
    "errorPct" : 0.0,
    "meanResTime" : 36347.759999999995,
    "medianResTime" : 36304.0,
    "minResTime" : 20833.0,
    "maxResTime" : 43497.0,
    "pct1ResTime" : 41938.0,
    "pct2ResTime" : 42855.649999999994,
    "pct3ResTime" : 43497.0,
    "throughput" : 0.13580498404291438,
    "receivedKBytesPerSec" : 0.0,
    "sentKBytesPerSec" : 0.0
  },
  "Total" : {
    "transaction" : "Total",
    "sampleCount" : 50,
    "errorCount" : 0,
    "errorPct" : 0.0,
    "meanResTime" : 36347.759999999995,
    "medianResTime" : 36304.0,
    "minResTime" : 20833.0,
    "maxResTime" : 43497.0,
    "pct1ResTime" : 41938.0,
    "pct2ResTime" : 42855.649999999994,
    "pct3ResTime" : 43497.0,
    "throughput" : 0.13580498404291438,
    "receivedKBytesPerSec" : 0.0,
    "sentKBytesPerSec" : 0.0
  }
}