{
  "SEMAPHORE_VIRTUAL_PLATFORM" : {
    "transaction" : "SEMAPHORE_VIRTUAL_PLATFORM",
    "sampleCount" : 50,
    "errorCount" : 0,
    "errorPct" : 0.0,
    "meanResTime" : 21052.479999999996,
    "medianResTime" : 21691.5,
    "minResTime" : 14776.0,
    "maxResTime" : 25199.0,
    "pct1ResTime" : 24737.7,
    "pct2ResTime" : 25048.399999999998,
    "pct3ResTime" : 25199.0,
    "throughput" : 0.23052735437587024,
    "receivedKBytesPerSec" : 0.0,
    "sentKBytesPerSec" : 0.0
  },
  "Total" : {
    "transaction" : "Total",
    "sampleCount" : 50,
    "errorCount" : 0,
    "errorPct" : 0.0,
    "meanResTime" : 21052.479999999996,
    "medianResTime" : 21691.5,
    "minResTime" : 14776.0,
    "maxResTime" : 25199.0,
    "pct1ResTime" : 24737.7,
    "pct2ResTime" : 25048.399999999998,
    "pct3ResTime" : 25199.0,
    "throughput" : 0.23052735437587024,
    "receivedKBytesPerSec" : 0.0,
    "sentKBytesPerSec" : 0.0
  }
}