{
  "SERIAL" : {
    "transaction" : "SERIAL",
    "sampleCount" : 50,
    "errorCount" : 0,
    "errorPct" : 0.0,
    "meanResTime" : 62743.780000000006,
    "medianResTime" : 32245.5,
    "minResTime" : 11903.0,
    "maxResTime" : 193026.0,
    "pct1ResTime" : 183917.8,
    "pct2ResTime" : 184121.3,
    "pct3ResTime" : 193026.0,
    "throughput" : 0.0783968164620771,
    "receivedKBytesPerSec" : 0.0,
    "sentKBytesPerSec" : 0.0
  },
  "Total" : {
    "transaction" : "Total",
    "sampleCount" : 50,
    "errorCount" : 0,
    "errorPct" : 0.0,
    "meanResTime" : 62743.780000000006,
    "medianResTime" : 32245.5,
    "minResTime" : 11903.0,
    "maxResTime" : 193026.0,
    "pct1ResTime" : 183917.8,
    "pct2ResTime" : 184121.3,
    "pct3ResTime" : 193026.0,
    "throughput" : 0.0783968164620771,
    "receivedKBytesPerSec" : 0.0,
    "sentKBytesPerSec" : 0.0
  }
}